Workbook

Sheet EMPLOYEEDATA
F1: JURMOT VENTURES NOMINAL ROLL AGRIC IKORODU, LAGOS STATE
A10: S/N | B10: NAMES | C10: SEX | D10: AGE | E10: MARITAL STATUS | F10: ADDRESS | G10: DEPARTMENT | H10: YRS IN OPERATION | I10: QUALIFICATION | J10: NO OF DAYS PRESENT | K10: BASIC PAY PER DAY
A11: 1 | B11: RUNSEWE | C11: FEMALE | D11: 23 | E11: =IF(AND(D11<=30),"SINGLE","MARRIED") -> SINGLE | F11: =IF(AND(D11>=30),"QUARTERS","OFF QUARTERS") -> OFF QUARTERS | G11: =IF(AND(C11="FEMALE",D11<=40),"FINANCE","IT") -> FINANCE | H11: =IF(AND(D11<=22),2,IF(AND(D11<=26),7,IF(AND(D11<=35),12,25))) -> 7 | I11: =IF(AND(D11<=20),"SSCE",IF(AND(D11<=23),"NCE",IF(AND(D11<=25),"ND",IF(AND(D11=30),"HND","BSC")))) -> NCE | J11: =IF(AND(I11="SSCE"),24,IF(AND(I11="NCE"),23,IF(AND(I11="ND"),22,IF(AND(I11="HND"),20,IF(AND(I11="BSC"),15))))) -> 23 | K11: =IF(AND(I11="SSCE"),1100,IF(AND(I11="NCE"),1150,IF(AND(I11="ND"),1400,IF(AND(I11="HND"),2250,3200)))) -> 1150
A12: 2 | B12: IFEOLUWA | C12: FEMALE | D12: 22 | E12: =IF(AND(D12<=30),"SINGLE","MARRIED") -> SINGLE | F12: =IF(AND(D12>=30),"QUARTERS","OFF QUARTERS") -> OFF QUARTERS | G12: =IF(AND(C12="FEMALE",D12<=30),"FINANCE","IT") -> FINANCE | H12: =IF(AND(D12<=22),2,IF(AND(D12<=26),7,IF(AND(D12<=35),12,25))) -> 2 | I12: =IF(AND(D12<=20),"SSCE",IF(AND(D12<=23),"NCE",IF(AND(D12<=25),"ND",IF(AND(D12=30),"HND","BSC")))) -> NCE | J12: =IF(AND(I12="SSCE"),24,IF(AND(I12="NCE"),23,IF(AND(I12="ND"),22,IF(AND(I12="HND"),20,IF(AND(I12="BSC"),15))))) -> 23 | K12: =IF(AND(I12="SSCE"),1100,IF(AND(I12="NCE"),1150,IF(AND(I12="ND"),1400,IF(AND(I12="HND"),2250,3200)))) -> 1150
A13: 3 | B13: RUTH | C13: FEMALE | D13: 20 | E13: =IF(AND(D13<=30),"SINGLE","MARRIED") -> SINGLE | F13: =IF(AND(D13>=30),"QUARTERS","OFF QUARTERS") -> OFF QUARTERS | G13: =IF(AND(C13="FEMALE",D13<=30),"FINANCE","IT") -> FINANCE | H13: =IF(AND(D13<=22),2,IF(AND(D13<=26),7,IF(AND(D13<=35),12,25))) -> 2 | I13: =IF(AND(D13<=20),"SSCE",IF(AND(D13<=23),"NCE",IF(AND(D13<=25),"ND",IF(AND(D13=30),"HND","BSC")))) -> SSCE | J13: =IF(AND(I13="SSCE"),24,IF(AND(I13="NCE"),23,IF(AND(I13="ND"),22,IF(AND(I13="HND"),20,IF(AND(I13="BSC"),15))))) -> 24 | K13: =IF(AND(I13="SSCE"),1100,IF(AND(I13="NCE"),1150,IF(AND(I13="ND"),1400,IF(AND(I13="HND"),2250,3200)))) -> 1100
A14: 4 | B14: AYO | C14: FEMALE | D14: 25 | E14: =IF(AND(D14<=30),"SINGLE","MARRIED") -> SINGLE | F14: =IF(AND(D14>=30),"QUARTERS","OFF QUARTERS") -> OFF QUARTERS | G14: =IF(AND(C14="FEMALE",D14<=30),"FINANCE","IT") -> FINANCE | H14: =IF(AND(D14<=22),2,IF(AND(D14<=26),7,IF(AND(D14<=35),12,25))) -> 7 | I14: =IF(AND(D14<=20),"SSCE",IF(AND(D14<=23),"NCE",IF(AND(D14<=25),"ND",IF(AND(D14=30),"HND","BSC")))) -> ND | J14: =IF(AND(I14="SSCE"),24,IF(AND(I14="NCE"),23,IF(AND(I14="ND"),22,IF(AND(I14="HND"),20,IF(AND(I14="BSC"),15))))) -> 22 | K14: =IF(AND(I14="SSCE"),1100,IF(AND(I14="NCE"),1150,IF(AND(I14="ND"),1400,IF(AND(I14="HND"),2250,3200)))) -> 1400
A15: 5 | B15: OLA | C15: MALE | D15: 35 | E15: =IF(AND(D15<=30),"SINGLE","MARRIED") -> MARRIED | F15: =IF(AND(D15>=30),"QUARTERS","OFF QUARTERS") -> QUARTERS | G15: =IF(AND(C15="FEMALE",D15<=30),"FINANCE","IT") -> IT | H15: =IF(AND(D15<=22),2,IF(AND(D15<=26),7,IF(AND(D15<=35),12,25))) -> 12 | I15: =IF(AND(D15<=20),"SSCE",IF(AND(D15<=23),"NCE",IF(AND(D15<=25),"ND",IF(AND(D15=30),"HND","BSC")))) -> BSC | J15: =IF(AND(I15="SSCE"),24,IF(AND(I15="NCE"),23,IF(AND(I15="ND"),22,IF(AND(I15="HND"),20,IF(AND(I15="BSC"),15))))) -> 15 | K15: =IF(AND(I15="SSCE"),1100,IF(AND(I15="NCE"),1150,IF(AND(I15="ND"),1400,IF(AND(I15="HND"),2250,3200)))) -> 3200
A16: 6 | B16: PONMILE | C16: MALE | D16: 37 | E16: =IF(AND(D16<=30),"SINGLE","MARRIED") -> MARRIED | F16: =IF(AND(D16>=30),"QUARTERS","OFF QUARTERS") -> QUARTERS | G16: =IF(AND(C16="FEMALE",D16<=30),"FINANCE","IT") -> IT | H16: =IF(AND(D16<=22),2,IF(AND(D16<=26),7,IF(AND(D16<=35),12,25))) -> 25 | I16: =IF(AND(D16<=20),"SSCE",IF(AND(D16<=23),"NCE",IF(AND(D16<=25),"ND",IF(AND(D16=30),"HND","BSC")))) -> BSC | J16: =IF(AND(I16="SSCE"),24,IF(AND(I16="NCE"),23,IF(AND(I16="ND"),22,IF(AND(I16="HND"),20,IF(AND(I16="BSC"),15))))) -> 15 | K16: =IF(AND(I16="SSCE"),1100,IF(AND(I16="NCE"),1150,IF(AND(I16="ND"),1400,IF(AND(I16="HND"),2250,3200)))) -> 3200
A17: 7 | B17: DEVINE | C17: FEMALE | D17: 36 | E17: =IF(AND(D17<=30),"SINGLE","MARRIED") -> MARRIED | F17: =IF(AND(D17>=30),"QUARTERS","OFF QUARTERS") -> QUARTERS | G17: =IF(AND(C17="FEMALE",D17<=30),"FINANCE","IT") -> IT | H17: =IF(AND(D17<=22),2,IF(AND(D17<=26),7,IF(AND(D17<=35),12,25))) -> 25 | I17: =IF(AND(D17<=20),"SSCE",IF(AND(D17<=23),"NCE",IF(AND(D17<=25),"ND",IF(AND(D17=30),"HND","BSC")))) -> BSC | J17: =IF(AND(I17="SSCE"),24,IF(AND(I17="NCE"),23,IF(AND(I17="ND"),22,IF(AND(I17="HND"),20,IF(AND(I17="BSC"),15))))) -> 15 | K17: =IF(AND(I17="SSCE"),1100,IF(AND(I17="NCE"),1150,IF(AND(I17="ND"),1400,IF(AND(I17="HND"),2250,3200)))) -> 3200
A18: 8 | B18: IMISI | C18: FEMALE | D18: 30 | E18: =IF(AND(D18<=30),"SINGLE","MARRIED") -> SINGLE | F18: =IF(AND(D18>=30),"QUARTERS","OFF QUARTERS") -> QUARTERS | G18: =IF(AND(C18="FEMALE",D18<=30),"FINANCE","IT") -> FINANCE | H18: =IF(AND(D18<=22),2,IF(AND(D18<=26),7,IF(AND(D18<=35),12,25))) -> 12 | I18: =IF(AND(D18<=20),"SSCE",IF(AND(D18<=23),"NCE",IF(AND(D18<=25),"ND",IF(AND(D18=30),"HND","BSC")))) -> HND | J18: =IF(AND(I18="SSCE"),24,IF(AND(I18="NCE"),23,IF(AND(I18="ND"),22,IF(AND(I18="HND"),20,IF(AND(I18="BSC"),15))))) -> 20 | K18: =IF(AND(I18="SSCE"),1100,IF(AND(I18="NCE"),1150,IF(AND(I18="ND"),1400,IF(AND(I18="HND"),2250,3200)))) -> 2250
A19: 9 | B19: JAMES | C19: MALE | D19: 21 | E19: =IF(AND(D19<=30),"SINGLE","MARRIED") -> SINGLE | F19: =IF(AND(D19>=30),"QUARTERS","OFF QUARTERS") -> OFF QUARTERS | G19: =IF(AND(C19="FEMALE",D19<=30),"FINANCE","IT") -> IT | H19: =IF(AND(D19<=22),2,IF(AND(D19<=26),7,IF(AND(D19<=35),12,25))) -> 2 | I19: =IF(AND(D19<=20),"SSCE",IF(AND(D19<=23),"NCE",IF(AND(D19<=25),"ND",IF(AND(D19=30),"HND","BSC")))) -> NCE | J19: =IF(AND(I19="SSCE"),24,IF(AND(I19="NCE"),23,IF(AND(I19="ND"),22,IF(AND(I19="HND"),20,IF(AND(I19="BSC"),15))))) -> 23 | K19: =IF(AND(I19="SSCE"),1100,IF(AND(I19="NCE"),1150,IF(AND(I19="ND"),1400,IF(AND(I19="HND"),2250,3200)))) -> 1150
A20: 10 | B20: KENNY | C20: MALE | D20: 20 | E20: =IF(AND(D20<=30),"SINGLE","MARRIED") -> SINGLE | F20: =IF(AND(D20>=30),"QUARTERS","OFF QUARTERS") -> OFF QUARTERS | G20: =IF(AND(C20="FEMALE",D20<=30),"FINANCE","IT") -> IT | H20: =IF(AND(D20<=22),2,IF(AND(D20<=26),7,IF(AND(D20<=35),12,25))) -> 2 | I20: =IF(AND(D20<=20),"SSCE",IF(AND(D20<=23),"NCE",IF(AND(D20<=25),"ND",IF(AND(D20=30),"HND","BSC")))) -> SSCE | J20: =IF(AND(I20="SSCE"),24,IF(AND(I20="NCE"),23,IF(AND(I20="ND"),22,IF(AND(I20="HND"),20,IF(AND(I20="BSC"),15))))) -> 24 | K20: =IF(AND(I20="SSCE"),1100,IF(AND(I20="NCE"),1150,IF(AND(I20="ND"),1400,IF(AND(I20="HND"),2250,3200)))) -> 1100
A21: 11 | B21: FAITH | C21: FEMALE | D21: 32 | E21: =IF(AND(D21<=30),"SINGLE","MARRIED") -> MARRIED | F21: =IF(AND(D21>=30),"QUARTERS","OFF QUARTERS") -> QUARTERS | G21: =IF(AND(C21="FEMALE",D21<=30),"FINANCE","IT") -> IT | H21: =IF(AND(D21<=22),2,IF(AND(D21<=26),7,IF(AND(D21<=35),12,25))) -> 12 | I21: =IF(AND(D21<=20),"SSCE",IF(AND(D21<=23),"NCE",IF(AND(D21<=25),"ND",IF(AND(D21=30),"HND","BSC")))) -> BSC | J21: =IF(AND(I21="SSCE"),24,IF(AND(I21="NCE"),23,IF(AND(I21="ND"),22,IF(AND(I21="HND"),20,IF(AND(I21="BSC"),15))))) -> 15 | K21: =IF(AND(I21="SSCE"),1100,IF(AND(I21="NCE"),1150,IF(AND(I21="ND"),1400,IF(AND(I21="HND"),2250,3200)))) -> 3200
A22: 12 | B22: SEGUN | C22: MALE | D22: 25 | E22: =IF(AND(D22<=30),"SINGLE","MARRIED") -> SINGLE | F22: =IF(AND(D22>=30),"QUARTERS","OFF QUARTERS") -> OFF QUARTERS | G22: =IF(AND(C22="FEMALE",D22<=30),"FINANCE","IT") -> IT | H22: =IF(AND(D22<=22),2,IF(AND(D22<=26),7,IF(AND(D22<=35),12,25))) -> 7 | I22: =IF(AND(D22<=20),"SSCE",IF(AND(D22<=23),"NCE",IF(AND(D22<=25),"ND",IF(AND(D22=30),"HND","BSC")))) -> ND | J22: =IF(AND(I22="SSCE"),24,IF(AND(I22="NCE"),23,IF(AND(I22="ND"),22,IF(AND(I22="HND"),20,IF(AND(I22="BSC"),15))))) -> 22 | K22: =IF(AND(I22="SSCE"),1100,IF(AND(I22="NCE"),1150,IF(AND(I22="ND"),1400,IF(AND(I22="HND"),2250,3200)))) -> 1400
A23: 13 | B23: TAIWO | C23: MALE | D23: 26 | E23: =IF(AND(D23<=30),"SINGLE","MARRIED") -> SINGLE | F23: =IF(AND(D23>=30),"QUARTERS","OFF QUARTERS") -> OFF QUARTERS | G23: =IF(AND(C23="FEMALE",D23<=30),"FINANCE","IT") -> IT | H23: =IF(AND(D23<=22),2,IF(AND(D23<=26),7,IF(AND(D23<=35),12,25))) -> 7 | I23: =IF(AND(D23<=20),"SSCE",IF(AND(D23<=23),"NCE",IF(AND(D23<=25),"ND",IF(AND(D23=30),"HND","BSC")))) -> BSC | J23: =IF(AND(I23="SSCE"),24,IF(AND(I23="NCE"),23,IF(AND(I23="ND"),22,IF(AND(I23="HND"),20,IF(AND(I23="BSC"),15))))) -> 15 | K23: =IF(AND(I23="SSCE"),1100,IF(AND(I23="NCE"),1150,IF(AND(I23="ND"),1400,IF(AND(I23="HND"),2250,3200)))) -> 3200
... A90: 80 | B90: ALO | C90: MALE | D90: 20 | E90: =IF(AND(D90<=30),"SINGLE","MARRIED") -> SINGLE | F90: =IF(AND(D90>=30),"QUARTERS","OFF QUARTERS") -> OFF QUARTERS | G90: =IF(AND(C90="FEMALE",D90<=30),"FINANCE","IT") -> IT | H90: =IF(AND(D90<=22),2,IF(AND(D90<=26),7,IF(AND(D90<=35),12,25))) -> 2 | I90: =IF(AND(D90<=20),"SSCE",IF(AND(D90<=23),"NCE",IF(AND(D90<=25),"ND",IF(AND(D90=30),"HND","BSC")))) -> SSCE | J90: =IF(AND(I90="SSCE"),24,IF(AND(I90="NCE"),23,IF(AND(I90="ND"),22,IF(AND(I90="HND"),20,IF(AND(I90="BSC"),15))))) -> 24 | K90: =IF(AND(I90="SSCE"),1100,IF(AND(I90="NCE"),1150,IF(AND(I90="ND"),1400,IF(AND(I90="HND"),2250,3200)))) -> 1100

Sheet SALARY
F1: JURMOT VENTURES NOMINAL ROLL AGRIC IKORODU, LAGOS STATE
E7: ALLOWANCES
A8: S/N | B8: NAMES | C8: LEVEL | D8: BASIC SALARY | E8: TRANSPORTATION ALLOWANCE | F8: HOUSING ALLOWANCE | G8: MEDICAL ALLOWANCE | H8: GROSS SALARY | I8: TAX | J8: M.CONTRIBUTION | K8: PENSION | L8: T.DEDUCTION | M8: NET SALARY
A9: 1 | B9: =EMPLOYEEDATA!B11 -> RUNSEWE | C9: =IF(AND(EMPLOYEEDATA!I11="BSC"),8,IF(AND(EMPLOYEEDATA!I11="HND"),7,IF(AND(EMPLOYEEDATA!I11="ND"),5,IF(AND(EMPLOYEEDATA!I11="NCE"),4,2)))) -> 4 | D9: =PRODUCT(EMPLOYEEDATA!J11,EMPLOYEEDATA!K11) -> 26450 | E9: =PRODUCT(D9*0.05) -> 1322.5 | F9: =IF(AND(EMPLOYEEDATA!F11="OFF QUARTERS"),0.06*D9,0) -> 1587 | G9: =(0.09*D9) -> 2380.5 | H9: =SUM(D9,E9,F9,G9) -> 31740 | I9: =0.075*D9 -> 1983.75 | J9: =0.03*D9 -> 793.5 | K9: =0.075*D9 -> 1983.75 | L9: =SUM(I9:K9) -> 4761 | M9: =H9-L9 -> 26979
A10: 2 | B10: =EMPLOYEEDATA!B12 -> IFEOLUWA | C10: =IF(AND(EMPLOYEEDATA!I12="BSC"),8,IF(AND(EMPLOYEEDATA!I12="HND"),7,IF(AND(EMPLOYEEDATA!I12="ND"),5,IF(AND(EMPLOYEEDATA!I12="NCE"),4,2)))) -> 4 | D10: =PRODUCT(EMPLOYEEDATA!J12,EMPLOYEEDATA!K12) -> 26450 | E10: =PRODUCT(D10*0.05) -> 1322.5 | F10: =IF(AND(EMPLOYEEDATA!F12="OFF QUARTERS"),0.06*D10,0) -> 1587 | G10: =(0.09*D10) -> 2380.5 | H10: =SUM(D10,E10,F10,G10) -> 31740 | I10: =0.075*D10 -> 1983.75 | J10: =0.03*D10 -> 793.5 | K10: =0.075*D10 -> 1983.75 | L10: =SUM(I10:K10) -> 4761 | M10: =H10-L10 -> 26979
A11: 3 | B11: =EMPLOYEEDATA!B13 -> RUTH | C11: =IF(AND(EMPLOYEEDATA!I13="BSC"),8,IF(AND(EMPLOYEEDATA!I13="HND"),7,IF(AND(EMPLOYEEDATA!I13="ND"),5,IF(AND(EMPLOYEEDATA!I13="NCE"),4,2)))) -> 2 | D11: =PRODUCT(EMPLOYEEDATA!J13,EMPLOYEEDATA!K13) -> 26400 | E11: =PRODUCT(D11*0.05) -> 1320 | F11: =IF(AND(EMPLOYEEDATA!F13="OFF QUARTERS"),0.06*D11,0) -> 1584 | G11: =(0.09*D11) -> 2376 | H11: =SUM(D11,E11,F11,G11) -> 31680 | I11: =0.075*D11 -> 1980 | J11: =0.03*D11 -> 792 | K11: =0.075*D11 -> 1980 | L11: =SUM(I11:K11) -> 4752 | M11: =H11-L11 -> 26928
A12: 4 | B12: =EMPLOYEEDATA!B14 -> AYO | C12: =IF(AND(EMPLOYEEDATA!I14="BSC"),8,IF(AND(EMPLOYEEDATA!I14="HND"),7,IF(AND(EMPLOYEEDATA!I14="ND"),5,IF(AND(EMPLOYEEDATA!I14="NCE"),4,2)))) -> 5 | D12: =PRODUCT(EMPLOYEEDATA!J14,EMPLOYEEDATA!K14) -> 30800 | E12: =PRODUCT(D12*0.05) -> 1540 | F12: =IF(AND(EMPLOYEEDATA!F14="OFF QUARTERS"),0.06*D12,0) -> 1848 | G12: =(0.09*D12) -> 2772 | H12: =SUM(D12,E12,F12,G12) -> 36960 | I12: =0.075*D12 -> 2310 | J12: =0.03*D12 -> 924 | K12: =0.075*D12 -> 2310 | L12: =SUM(I12:K12) -> 5544 | M12: =H12-L12 -> 31416
A13: 5 | B13: =EMPLOYEEDATA!B15 -> OLA | C13: =IF(AND(EMPLOYEEDATA!I15="BSC"),8,IF(AND(EMPLOYEEDATA!I15="HND"),7,IF(AND(EMPLOYEEDATA!I15="ND"),5,IF(AND(EMPLOYEEDATA!I15="NCE"),4,2)))) -> 8 | D13: =PRODUCT(EMPLOYEEDATA!J15,EMPLOYEEDATA!K15) -> 48000 | E13: =PRODUCT(D13*0.05) -> 2400 | F13: =IF(AND(EMPLOYEEDATA!F15="OFF QUARTERS"),0.06*D13,0) -> 0 | G13: =(0.09*D13) -> 4320 | H13: =SUM(D13,E13,F13,G13) -> 54720 | I13: =0.075*D13 -> 3600 | J13: =0.03*D13 -> 1440 | K13: =0.075*D13 -> 3600 | L13: =SUM(I13:K13) -> 8640 | M13: =H13-L13 -> 46080
A14: 6 | B14: =EMPLOYEEDATA!B16 -> PONMILE | C14: =IF(AND(EMPLOYEEDATA!I16="BSC"),8,IF(AND(EMPLOYEEDATA!I16="HND"),7,IF(AND(EMPLOYEEDATA!I16="ND"),5,IF(AND(EMPLOYEEDATA!I16="NCE"),4,2)))) -> 8 | D14: =PRODUCT(EMPLOYEEDATA!J16,EMPLOYEEDATA!K16) -> 48000 | E14: =PRODUCT(D14*0.05) -> 2400 | F14: =IF(AND(EMPLOYEEDATA!F16="OFF QUARTERS"),0.06*D14,0) -> 0 | G14: =(0.09*D14) -> 4320 | H14: =SUM(D14,E14,F14,G14) -> 54720 | I14: =0.075*D14 -> 3600 | J14: =0.03*D14 -> 1440 | K14: =0.075*D14 -> 3600 | L14: =SUM(I14:K14) -> 8640 | M14: =H14-L14 -> 46080
A15: 7 | B15: =EMPLOYEEDATA!B17 -> DEVINE | C15: =IF(AND(EMPLOYEEDATA!I17="BSC"),8,IF(AND(EMPLOYEEDATA!I17="HND"),7,IF(AND(EMPLOYEEDATA!I17="ND"),5,IF(AND(EMPLOYEEDATA!I17="NCE"),4,2)))) -> 8 | D15: =PRODUCT(EMPLOYEEDATA!J17,EMPLOYEEDATA!K17) -> 48000 | E15: =PRODUCT(D15*0.05) -> 2400 | F15: =IF(AND(EMPLOYEEDATA!F17="OFF QUARTERS"),0.06*D15,0) -> 0 | G15: =(0.09*D15) -> 4320 | H15: =SUM(D15,E15,F15,G15) -> 54720 | I15: =0.075*D15 -> 3600 | J15: =0.03*D15 -> 1440 | K15: =0.075*D15 -> 3600 | L15: =SUM(I15:K15) -> 8640 | M15: =H15-L15 -> 46080
A16: 8 | B16: =EMPLOYEEDATA!B18 -> IMISI | C16: =IF(AND(EMPLOYEEDATA!I18="BSC"),8,IF(AND(EMPLOYEEDATA!I18="HND"),7,IF(AND(EMPLOYEEDATA!I18="ND"),5,IF(AND(EMPLOYEEDATA!I18="NCE"),4,2)))) -> 7 | D16: =PRODUCT(EMPLOYEEDATA!J18,EMPLOYEEDATA!K18) -> 45000 | E16: =PRODUCT(D16*0.05) -> 2250 | F16: =IF(AND(EMPLOYEEDATA!F18="OFF QUARTERS"),0.06*D16,0) -> 0 | G16: =(0.09*D16) -> 4050 | H16: =SUM(D16,E16,F16,G16) -> 51300 | I16: =0.075*D16 -> 3375 | J16: =0.03*D16 -> 1350 | K16: =0.075*D16 -> 3375 | L16: =SUM(I16:K16) -> 8100 | M16: =H16-L16 -> 43200
A17: 9 | B17: =EMPLOYEEDATA!B19 -> JAMES | C17: =IF(AND(EMPLOYEEDATA!I19="BSC"),8,IF(AND(EMPLOYEEDATA!I19="HND"),7,IF(AND(EMPLOYEEDATA!I19="ND"),5,IF(AND(EMPLOYEEDATA!I19="NCE"),4,2)))) -> 4 | D17: =PRODUCT(EMPLOYEEDATA!J19,EMPLOYEEDATA!K19) -> 26450 | E17: =PRODUCT(D17*0.05) -> 1322.5 | F17: =IF(AND(EMPLOYEEDATA!F19="OFF QUARTERS"),0.06*D17,0) -> 1587 | G17: =(0.09*D17) -> 2380.5 | H17: =SUM(D17,E17,F17,G17) -> 31740 | I17: =0.075*D17 -> 1983.75 | J17: =0.03*D17 -> 793.5 | K17: =0.075*D17 -> 1983.75 | L17: =SUM(I17:K17) -> 4761 | M17: =H17-L17 -> 26979
A18: 10 | B18: =EMPLOYEEDATA!B20 -> KENNY | C18: =IF(AND(EMPLOYEEDATA!I20="BSC"),8,IF(AND(EMPLOYEEDATA!I20="HND"),7,IF(AND(EMPLOYEEDATA!I20="ND"),5,IF(AND(EMPLOYEEDATA!I20="NCE"),4,2)))) -> 2 | D18: =PRODUCT(EMPLOYEEDATA!J20,EMPLOYEEDATA!K20) -> 26400 | E18: =PRODUCT(D18*0.05) -> 1320 | F18: =IF(AND(EMPLOYEEDATA!F20="OFF QUARTERS"),0.06*D18,0) -> 1584 | G18: =(0.09*D18) -> 2376 | H18: =SUM(D18,E18,F18,G18) -> 31680 | I18: =0.075*D18 -> 1980 | J18: =0.03*D18 -> 792 | K18: =0.075*D18 -> 1980 | L18: =SUM(I18:K18) -> 4752 | M18: =H18-L18 -> 26928
A19: 11 | B19: =EMPLOYEEDATA!B21 -> FAITH | C19: =IF(AND(EMPLOYEEDATA!I21="BSC"),8,IF(AND(EMPLOYEEDATA!I21="HND"),7,IF(AND(EMPLOYEEDATA!I21="ND"),5,IF(AND(EMPLOYEEDATA!I21="NCE"),4,2)))) -> 8 | D19: =PRODUCT(EMPLOYEEDATA!J21,EMPLOYEEDATA!K21) -> 48000 | E19: =PRODUCT(D19*0.05) -> 2400 | F19: =IF(AND(EMPLOYEEDATA!F21="OFF QUARTERS"),0.06*D19,0) -> 0 | G19: =(0.09*D19) -> 4320 | H19: =SUM(D19,E19,F19,G19) -> 54720 | I19: =0.075*D19 -> 3600 | J19: =0.03*D19 -> 1440 | K19: =0.075*D19 -> 3600 | L19: =SUM(I19:K19) -> 8640 | M19: =H19-L19 -> 46080
A20: 12 | B20: =EMPLOYEEDATA!B22 -> SEGUN | C20: =IF(AND(EMPLOYEEDATA!I22="BSC"),8,IF(AND(EMPLOYEEDATA!I22="HND"),7,IF(AND(EMPLOYEEDATA!I22="ND"),5,IF(AND(EMPLOYEEDATA!I22="NCE"),4,2)))) -> 5 | D20: =PRODUCT(EMPLOYEEDATA!J22,EMPLOYEEDATA!K22) -> 30800 | E20: =PRODUCT(D20*0.05) -> 1540 | F20: =IF(AND(EMPLOYEEDATA!F22="OFF QUARTERS"),0.06*D20,0) -> 1848 | G20: =(0.09*D20) -> 2772 | H20: =SUM(D20,E20,F20,G20) -> 36960 | I20: =0.075*D20 -> 2310 | J20: =0.03*D20 -> 924 | K20: =0.075*D20 -> 2310 | L20: =SUM(I20:K20) -> 5544 | M20: =H20-L20 -> 31416
... A88: 80 | B88: =EMPLOYEEDATA!B90 -> ALO | C88: =IF(AND(EMPLOYEEDATA!I90="BSC"),8,IF(AND(EMPLOYEEDATA!I90="HND"),7,IF(AND(EMPLOYEEDATA!I90="ND"),5,IF(AND(EMPLOYEEDATA!I90="NCE"),4,2)))) -> 2 | D88: =PRODUCT(EMPLOYEEDATA!J90,EMPLOYEEDATA!K90) -> 26400 | E88: =PRODUCT(D88*0.05) -> 1320 | F88: =IF(AND(EMPLOYEEDATA!F90="OFF QUARTERS"),0.06*D88,0) -> 1584 | G88: =(0.09*D88) -> 2376 | H88: =SUM(D88,E88,F88,G88) -> 31680 | I88: =0.075*D88 -> 1980 | J88: =0.03*D88 -> 792 | K88: =0.075*D88 -> 1980 | L88: =SUM(I88:K88) -> 4752 | M88: =H88-L88 -> 26928

Sheet SALARYSUMMARY
F1: JURMOT VENTURES NOMINAL ROLL AGRIC IKORODU, LAGOS STATE
A7: S/N | B7: NAMES | C7: SEX | D7: LEVEL | E7: YR IN OPERATION | F7: NO OF DAYS PRESENT | G7: BASIC SALARY | H7: NET SALARY
A8: 1 | B8: =EMPLOYEEDATA!B11 -> RUNSEWE | C8: =EMPLOYEEDATA!C11 -> FEMALE | D8: =SALARY!C9 -> 4 | E8: =EMPLOYEEDATA!H11 -> 7 | F8: =EMPLOYEEDATA!J11 -> 23 | G8: =SALARY!D9 -> 26450 | H8: =SALARY!M9 -> 26979
A9: 2 | B9: =EMPLOYEEDATA!B12 -> IFEOLUWA | C9: =EMPLOYEEDATA!C12 -> FEMALE | D9: =SALARY!C10 -> 4 | E9: =EMPLOYEEDATA!H12 -> 2 | F9: =EMPLOYEEDATA!J12 -> 23 | G9: =SALARY!D10 -> 26450 | H9: =SALARY!M10 -> 26979
A10: 3 | B10: =EMPLOYEEDATA!B13 -> RUTH | C10: =EMPLOYEEDATA!C13 -> FEMALE | D10: =SALARY!C11 -> 2 | E10: =EMPLOYEEDATA!H13 -> 2 | F10: =EMPLOYEEDATA!J13 -> 24 | G10: =SALARY!D11 -> 26400 | H10: =SALARY!M11 -> 26928
A11: 4 | B11: =EMPLOYEEDATA!B14 -> AYO | C11: =EMPLOYEEDATA!C14 -> FEMALE | D11: =SALARY!C12 -> 5 | E11: =EMPLOYEEDATA!H14 -> 7 | F11: =EMPLOYEEDATA!J14 -> 22 | G11: =SALARY!D12 -> 30800 | H11: =SALARY!M12 -> 31416
A12: 5 | B12: =EMPLOYEEDATA!B15 -> OLA | C12: =EMPLOYEEDATA!C15 -> MALE | D12: =SALARY!C13 -> 8 | E12: =EMPLOYEEDATA!H15 -> 12 | F12: =EMPLOYEEDATA!J15 -> 15 | G12: =SALARY!D13 -> 48000 | H12: =SALARY!M13 -> 46080
A13: 6 | B13: =EMPLOYEEDATA!B16 -> PONMILE | C13: =EMPLOYEEDATA!C16 -> MALE | D13: =SALARY!C14 -> 8 | E13: =EMPLOYEEDATA!H16 -> 25 | F13: =EMPLOYEEDATA!J16 -> 15 | G13: =SALARY!D14 -> 48000 | H13: =SALARY!M14 -> 46080
A14: 7 | B14: =EMPLOYEEDATA!B17 -> DEVINE | C14: =EMPLOYEEDATA!C17 -> FEMALE | D14: =SALARY!C15 -> 8 | E14: =EMPLOYEEDATA!H17 -> 25 | F14: =EMPLOYEEDATA!J17 -> 15 | G14: =SALARY!D15 -> 48000 | H14: =SALARY!M15 -> 46080
A15: 8 | B15: =EMPLOYEEDATA!B18 -> IMISI | C15: =EMPLOYEEDATA!C18 -> FEMALE | D15: =SALARY!C16 -> 7 | E15: =EMPLOYEEDATA!H18 -> 12 | F15: =EMPLOYEEDATA!J18 -> 20 | G15: =SALARY!D16 -> 45000 | H15: =SALARY!M16 -> 43200
A16: 9 | B16: =EMPLOYEEDATA!B19 -> JAMES | C16: =EMPLOYEEDATA!C19 -> MALE | D16: =SALARY!C17 -> 4 | E16: =EMPLOYEEDATA!H19 -> 2 | F16: =EMPLOYEEDATA!J19 -> 23 | G16: =SALARY!D17 -> 26450 | H16: =SALARY!M17 -> 26979
A17: 10 | B17: =EMPLOYEEDATA!B20 -> KENNY | C17: =EMPLOYEEDATA!C20 -> MALE | D17: =SALARY!C18 -> 2 | E17: =EMPLOYEEDATA!H20 -> 2 | F17: =EMPLOYEEDATA!J20 -> 24 | G17: =SALARY!D18 -> 26400 | H17: =SALARY!M18 -> 26928
A18: 11 | B18: =EMPLOYEEDATA!B21 -> FAITH | C18: =EMPLOYEEDATA!C21 -> FEMALE | D18: =SALARY!C19 -> 8 | E18: =EMPLOYEEDATA!H21 -> 12 | F18: =EMPLOYEEDATA!J21 -> 15 | G18: =SALARY!D19 -> 48000 | H18: =SALARY!M19 -> 46080
A19: 12 | B19: =EMPLOYEEDATA!B22 -> SEGUN | C19: =EMPLOYEEDATA!C22 -> MALE | D19: =SALARY!C20 -> 5 | E19: =EMPLOYEEDATA!H22 -> 7 | F19: =EMPLOYEEDATA!J22 -> 22 | G19: =SALARY!D20 -> 30800 | H19: =SALARY!M20 -> 31416
... A87: 80 | B87: =EMPLOYEEDATA!B90 -> ALO | C87: =EMPLOYEEDATA!C90 -> MALE | D87: =SALARY!C88 -> 2 | E87: =EMPLOYEEDATA!H90 -> 2 | F87: =EMPLOYEEDATA!J90 -> 24 | G87: =SALARY!D88 -> 26400 | H87: =SALARY!M88 -> 26928

Sheet STAFFWELFARE
F1: JURMOT VENTURES NOMINAL ROLL AGRIC IKORODU, LAGOS STATE
A7: S/N | B7: NAMES | C7: SEX | D7: MARITAL STATUS | E7: ADDRESS | F7: BASIC SALARY | G7: GROSS SALARY | H7: T.DEDUCTIONS | I7: NET SALARY
A8: 1 | B8: =SALARY!B9 -> RUNSEWE | C8: =EMPLOYEEDATA!C11 -> FEMALE | D8: =EMPLOYEEDATA!E11 -> SINGLE | E8: =EMPLOYEEDATA!F11 -> OFF QUARTERS | F8: =SALARY!D9 -> 26450 | G8: =SALARY!H9 -> 31740 | H8: =SALARY!L9 -> 4761 | I8: =SALARYSUMMARY!H8 -> 26979
A9: 2 | B9: =SALARY!B10 -> IFEOLUWA | C9: =EMPLOYEEDATA!C12 -> FEMALE | D9: =EMPLOYEEDATA!E12 -> SINGLE | E9: =EMPLOYEEDATA!F12 -> OFF QUARTERS | F9: =SALARY!D10 -> 26450 | G9: =SALARY!H10 -> 31740 | H9: =SALARY!L10 -> 4761 | I9: =SALARYSUMMARY!H9 -> 26979
A10: 3 | B10: =SALARY!B11 -> RUTH | C10: =EMPLOYEEDATA!C13 -> FEMALE | D10: =EMPLOYEEDATA!E13 -> SINGLE | E10: =EMPLOYEEDATA!F13 -> OFF QUARTERS | F10: =SALARY!D11 -> 26400 | G10: =SALARY!H11 -> 31680 | H10: =SALARY!L11 -> 4752 | I10: =SALARYSUMMARY!H10 -> 26928
A11: 4 | B11: =SALARY!B12 -> AYO | C11: =EMPLOYEEDATA!C14 -> FEMALE | D11: =EMPLOYEEDATA!E14 -> SINGLE | E11: =EMPLOYEEDATA!F14 -> OFF QUARTERS | F11: =SALARY!D12 -> 30800 | G11: =SALARY!H12 -> 36960 | H11: =SALARY!L12 -> 5544 | I11: =SALARYSUMMARY!H11 -> 31416
A12: 5 | B12: =SALARY!B13 -> OLA | C12: =EMPLOYEEDATA!C15 -> MALE | D12: =EMPLOYEEDATA!E15 -> MARRIED | E12: =EMPLOYEEDATA!F15 -> QUARTERS | F12: =SALARY!D13 -> 48000 | G12: =SALARY!H13 -> 54720 | H12: =SALARY!L13 -> 8640 | I12: =SALARYSUMMARY!H12 -> 46080
A13: 6 | B13: =SALARY!B14 -> PONMILE | C13: =EMPLOYEEDATA!C16 -> MALE | D13: =EMPLOYEEDATA!E16 -> MARRIED | E13: =EMPLOYEEDATA!F16 -> QUARTERS | F13: =SALARY!D14 -> 48000 | G13: =SALARY!H14 -> 54720 | H13: =SALARY!L14 -> 8640 | I13: =SALARYSUMMARY!H13 -> 46080
A14: 7 | B14: =SALARY!B15 -> DEVINE | C14: =EMPLOYEEDATA!C17 -> FEMALE | D14: =EMPLOYEEDATA!E17 -> MARRIED | E14: =EMPLOYEEDATA!F17 -> QUARTERS | F14: =SALARY!D15 -> 48000 | G14: =SALARY!H15 -> 54720 | H14: =SALARY!L15 -> 8640 | I14: =SALARYSUMMARY!H14 -> 46080
A15: 8 | B15: =SALARY!B16 -> IMISI | C15: =EMPLOYEEDATA!C18 -> FEMALE | D15: =EMPLOYEEDATA!E18 -> SINGLE | E15: =EMPLOYEEDATA!F18 -> QUARTERS | F15: =SALARY!D16 -> 45000 | G15: =SALARY!H16 -> 51300 | H15: =SALARY!L16 -> 8100 | I15: =SALARYSUMMARY!H15 -> 43200
A16: 9 | B16: =SALARY!B17 -> JAMES | C16: =EMPLOYEEDATA!C19 -> MALE | D16: =EMPLOYEEDATA!E19 -> SINGLE | E16: =EMPLOYEEDATA!F19 -> OFF QUARTERS | F16: =SALARY!D17 -> 26450 | G16: =SALARY!H17 -> 31740 | H16: =SALARY!L17 -> 4761 | I16: =SALARYSUMMARY!H16 -> 26979
A17: 10 | B17: =SALARY!B18 -> KENNY | C17: =EMPLOYEEDATA!C20 -> MALE | D17: =EMPLOYEEDATA!E20 -> SINGLE | E17: =EMPLOYEEDATA!F20 -> OFF QUARTERS | F17: =SALARY!D18 -> 26400 | G17: =SALARY!H18 -> 31680 | H17: =SALARY!L18 -> 4752 | I17: =SALARYSUMMARY!H17 -> 26928
A18: 11 | B18: =SALARY!B19 -> FAITH | C18: =EMPLOYEEDATA!C21 -> FEMALE | D18: =EMPLOYEEDATA!E21 -> MARRIED | E18: =EMPLOYEEDATA!F21 -> QUARTERS | F18: =SALARY!D19 -> 48000 | G18: =SALARY!H19 -> 54720 | H18: =SALARY!L19 -> 8640 | I18: =SALARYSUMMARY!H18 -> 46080
A19: 12 | B19: =SALARY!B20 -> SEGUN | C19: =EMPLOYEEDATA!C22 -> MALE | D19: =EMPLOYEEDATA!E22 -> SINGLE | E19: =EMPLOYEEDATA!F22 -> OFF QUARTERS | F19: =SALARY!D20 -> 30800 | G19: =SALARY!H20 -> 36960 | H19: =SALARY!L20 -> 5544 | I19: =SALARYSUMMARY!H19 -> 31416
... A87: 80 | B87: =SALARY!B88 -> ALO | C87: =EMPLOYEEDATA!C90 -> MALE | D87: =EMPLOYEEDATA!E90 -> SINGLE | E87: =EMPLOYEEDATA!F90 -> OFF QUARTERS | F87: =SALARY!D88 -> 26400 | G87: =SALARY!H88 -> 31680 | H87: =SALARY!L88 -> 4752 | I87: =SALARYSUMMARY!H87 -> 26928

Sheet EXECUTIVESUMMARY
F1: JURMOT VENTURES NOMINAL ROLL AGRIC IKORODU, LAGOS STATE
A7: S/N | B7: NAMES | C7: NET SALARY | D7: TAX | E7: PENSION | F7: M.COMTRIBUTION | K7: EXECUTIVE SUMMARY
A8: 1 | B8: =STAFFWELFARE!B8 -> RUNSEWE | C8: =STAFFWELFARE!I8 -> 26979 | D8: =SALARY!I9 -> 1983.75 | E8: =SALARY!K9 -> 1983.75 | F8: =SALARY!J9 -> 793.5
A9: 2 | B9: =STAFFWELFARE!B9 -> IFEOLUWA | C9: =STAFFWELFARE!I9 -> 26979 | D9: =SALARY!I10 -> 1983.75 | E9: =SALARY!K10 -> 1983.75 | F9: =SALARY!J10 -> 793.5 | K9: TOTAL SALARY | L9: =C88 -> 3331602
A10: 3 | B10: =STAFFWELFARE!B10 -> RUTH | C10: =STAFFWELFARE!I10 -> 26928 | D10: =SALARY!I11 -> 1980 | E10: =SALARY!K11 -> 1980 | F10: =SALARY!J11 -> 792 | K10: TOTAL TAX | L10: =D88 -> 254407.5
A11: 4 | B11: =STAFFWELFARE!B11 -> AYO | C11: =STAFFWELFARE!I11 -> 31416 | D11: =SALARY!I12 -> 2310 | E11: =SALARY!K12 -> 2310 | F11: =SALARY!J12 -> 924 | K11: PENSION | L11: =E88 -> 254407.5
A12: 5 | B12: =STAFFWELFARE!B12 -> OLA | C12: =STAFFWELFARE!I12 -> 46080 | D12: =SALARY!I13 -> 3600 | E12: =SALARY!K13 -> 3600 | F12: =SALARY!J13 -> 1440 | K12: EMPLOYER PENSION | L12: 254408
A13: 6 | B13: =STAFFWELFARE!B13 -> PONMILE | C13: =STAFFWELFARE!I13 -> 46080 | D13: =SALARY!I14 -> 3600 | E13: =SALARY!K14 -> 3600 | F13: =SALARY!J14 -> 1440 | K13: M CONTRIBUTION | L13: =F88 -> 101763
A14: 7 | B14: =STAFFWELFARE!B14 -> DEVINE | C14: =STAFFWELFARE!I14 -> 46080 | D14: =SALARY!I15 -> 3600 | E14: =SALARY!K15 -> 3600 | F14: =SALARY!J15 -> 1440 | K14: T OF TOTAL | L14: =SUM(L9:L13) -> 4196588
A15: 8 | B15: =STAFFWELFARE!B15 -> IMISI | C15: =STAFFWELFARE!I15 -> 43200 | D15: =SALARY!I16 -> 3375 | E15: =SALARY!K16 -> 3375 | F15: =SALARY!J16 -> 1350
A16: 9 | B16: =STAFFWELFARE!B16 -> JAMES | C16: =STAFFWELFARE!I16 -> 26979 | D16: =SALARY!I17 -> 1983.75 | E16: =SALARY!K17 -> 1983.75 | F16: =SALARY!J17 -> 793.5
A17: 10 | B17: =STAFFWELFARE!B17 -> KENNY | C17: =STAFFWELFARE!I17 -> 26928 | D17: =SALARY!I18 -> 1980 | E17: =SALARY!K18 -> 1980 | F17: =SALARY!J18 -> 792
A18: 11 | B18: =STAFFWELFARE!B18 -> FAITH | C18: =STAFFWELFARE!I18 -> 46080 | D18: =SALARY!I19 -> 3600 | E18: =SALARY!K19 -> 3600 | F18: =SALARY!J19 -> 1440
A19: 12 | B19: =STAFFWELFARE!B19 -> SEGUN | C19: =STAFFWELFARE!I19 -> 31416 | D19: =SALARY!I20 -> 2310 | E19: =SALARY!K20 -> 2310 | F19: =SALARY!J20 -> 924
A20: 13 | B20: =STAFFWELFARE!B20 -> TAIWO | C20: =STAFFWELFARE!I20 -> 48960 | D20: =SALARY!I21 -> 3600 | E20: =SALARY!K21 -> 3600 | F20: =SALARY!J21 -> 1440
A21: 14 | B21: =STAFFWELFARE!B21 -> JUMOKE | C21: =STAFFWELFARE!I21 -> 26928 | D21: =SALARY!I22 -> 1980 | E21: =SALARY!K22 -> 1980 | F21: =SALARY!J22 -> 792
A22: 15 | B22: =STAFFWELFARE!B22 -> ISAAC | C22: =STAFFWELFARE!I22 -> 48960 | D22: =SALARY!I23 -> 3600 | E22: =SALARY!K23 -> 3600 | F22: =SALARY!J23 -> 1440
A23: 16 | B23: =STAFFWELFARE!B23 -> ISREAL | C23: =STAFFWELFARE!I23 -> 48960 | D23: =SALARY!I24 -> 3600 | E23: =SALARY!K24 -> 3600 | F23: =SALARY!J24 -> 1440
A24: 17 | B24: =STAFFWELFARE!B24 -> PEACE | C24: =STAFFWELFARE!I24 -> 43200 | D24: =SALARY!I25 -> 3375 | E24: =SALARY!K25 -> 3375 | F24: =SALARY!J25 -> 1350
A25: 18 | B25: =STAFFWELFARE!B25 -> ROSE | C25: =STAFFWELFARE!I25 -> 26928 | D25: =SALARY!I26 -> 1980 | E25: =SALARY!K26 -> 1980 | F25: =SALARY!J26 -> 792
A26: 19 | B26: =STAFFWELFARE!B26 -> DELIGHT | C26: =STAFFWELFARE!I26 -> 46080 | D26: =SALARY!I27 -> 3600 | E26: =SALARY!K27 -> 3600 | F26: =SALARY!J27 -> 1440
... A87: 80 | B87: =STAFFWELFARE!B87 -> ALO | C87: =STAFFWELFARE!I87 -> 26928 | D87: =SALARY!I88 -> 1980 | E87: =SALARY!K88 -> 1980 | F87: =SALARY!J88 -> 792
B88: TOTAL | C88: =SUM(C8:C87) -> 3331602 | D88: =SUM(D8:D87) -> 254407.5 | E88: =SUM(E8:E87) -> 254407.5 | F88: =SUM(F8:F87) -> 101763
